{"cameraMode":{"drawMode":0,"name":"Shaded","section":"Shading Mode"},"sceneLighting":true,"audioPlay":false,"sceneViewState":{"showFog":false,"showMaterialUpdate":false,"showSkybox":true,"showFlares":false,"showImageEffects":false,"showParticleSystems":false},"in2DMode":false,"pivot":{"x":-5.108745574951172,"y":-8.124935150146485,"z":25.71758270263672},"rotation":{"x":0.2485261857509613,"y":0.33155348896980288,"z":-0.09118273854255676,"w":0.905613362789154},"size":61.293914794921878,"orthographic":false}