{"cameraMode":{"drawMode":0,"name":"Shaded","section":"Shading Mode"},"sceneLighting":true,"audioPlay":false,"sceneViewState":{"showFog":false,"showMaterialUpdate":false,"showSkybox":true,"showFlares":false,"showImageEffects":false,"showParticleSystems":false},"in2DMode":false,"pivot":{"x":28.619482040405275,"y":-1.843719482421875,"z":18.59729766845703},"rotation":{"x":0.3066350221633911,"y":0.2487548440694809,"z":-0.08354618400335312,"w":0.9150111675262451},"size":55.07379913330078,"orthographic":false}