{"cameraMode":{"drawMode":0,"name":"Shaded","section":"Shading Mode"},"sceneLighting":true,"audioPlay":false,"sceneViewState":{"showFog":false,"showMaterialUpdate":false,"showSkybox":true,"showFlares":false,"showImageEffects":false,"showParticleSystems":false},"in2DMode":false,"pivot":{"x":-24.5883731842041,"y":1.5162792205810547,"z":13.632701873779297},"rotation":{"x":0.23617680370807649,"y":0.37287095189094546,"z":-0.09885943681001663,"w":0.8919286727905273},"size":65.06455993652344,"orthographic":false}