{"cameraMode":{"drawMode":0,"name":"Shaded","section":"Shading Mode"},"sceneLighting":false,"audioPlay":false,"sceneViewState":{"showFog":true,"showMaterialUpdate":false,"showSkybox":false,"showFlares":true,"showImageEffects":true,"showParticleSystems":true},"in2DMode":false,"pivot":{"x":-22.66080093383789,"y":1.8812999725341797,"z":-15.159899711608887},"rotation":{"x":-0.19937893748283387,"y":0.30776169896125796,"z":-0.06576795130968094,"w":-0.928108274936676},"size":0.25450995564460757,"orthographic":false}