{"cameraMode":{"drawMode":0,"name":"Shaded","section":"Shading Mode"},"sceneLighting":true,"audioPlay":false,"sceneViewState":{"showFog":false,"showMaterialUpdate":false,"showSkybox":true,"showFlares":false,"showImageEffects":false,"showParticleSystems":false},"in2DMode":false,"pivot":{"x":-22.63138198852539,"y":1.415618896484375,"z":-1.2500190734863282},"rotation":{"x":0.5975098609924316,"y":0.2178778350353241,"z":-0.17311102151870728,"w":0.7520267367362976},"size":61.96410369873047,"orthographic":false}