{"cameraMode":{"drawMode":0,"name":"Shaded","section":"Shading Mode"},"sceneLighting":true,"audioPlay":false,"sceneViewState":{"showFog":true,"showMaterialUpdate":false,"showSkybox":true,"showFlares":true,"showImageEffects":true,"showParticleSystems":true},"in2DMode":false,"pivot":{"x":-18.922578811645509,"y":2.236621618270874,"z":-17.454111099243165},"rotation":{"x":0.2054208219051361,"y":-0.46694883704185488,"z":0.1124904528260231,"w":0.8527166843414307},"size":10.110625267028809,"orthographic":false}